Selenium 101	https://www.lambdatest.com/certifications/selenium-101
TestNG	https://www.lambdatest.com/certifications/testng
Selenium Advanced	https://www.lambdatest.com/certifications/selenium-advanced
JUnit	https://www.lambdatest.com/certifications/junit
Selenium Java 101	https://www.lambdatest.com/certifications/selenium-java-101
Selenium C# 101	https://www.lambdatest.com/certifications/selenium-c-sharp-101
Selenium JavaScript 101	https://www.lambdatest.com/certifications/selenium-javascript-101
Selenium Python 101	https://www.lambdatest.com/certifications/selenium-python-101
Cypress 101	https://www.lambdatest.com/certifications/cypress-101
Selenium Ruby 101	https://www.lambdatest.com/certifications/selenium-ruby-101
Selenium Playwright 101	https://www.lambdatest.com/certifications/playwright-101
Playwright 102 with HyperExecute	https://www.lambdatest.com/certifications/playwright-102
Manual Testing	https://www.lambdatest.com/certifications/manual-testing
Automation Testing	https://www.lambdatest.com/certifications/automation-testing
HyperExecute	https://www.lambdatest.com/certifications/hyperexecute
Appium 101 	https://www.lambdatest.com/certifications/appium-101
Espresso 101	https://www.lambdatest.com/certifications/espresso-101
KaneAI	https://www.lambdatest.com/certifications/kaneai
Accessibility Testing	https://www.lambdatest.com/certifications/accessibility-testing-101
Visual Testing Agent	https://www.testmuai.com/certifications/visual-testing-agent/
AI Testing	https://www.testmuai.com/certifications/ai-testing/
KaneCLI	https://www.testmuai.com/certifications/kane-cli/